catalogue_id,maison,cuvée_courante,type,fait_structurant,source,qualité_source,statut_produit,date_controle
42,Krug,Grande Cuvée 174ème Édition,édition multi-millésime,143 vins issus de 10 années; assemblage annoncé à 54% Pinot Noir / 29% Chardonnay / 17% Meunier,https://www.krug.com/en-int/champagne/krug-grande-cuvee-174eme-edition,officielle produit,publiable,2026-07-26
43,Dom Pérignon,Vintage 2015,brut millésimé,La maison ne produit que des champagnes millésimés et présente 2015 comme édition courante,https://www.domperignon.com/en-us/product/vintage/2015,officielle produit,publiable,2026-07-26
44,Louis Roederer,Cristal 2016,brut millésimé,Millésime sélectionné sur la fiche Cristal actuelle de la maison,https://www.louis-roederer.com/en/wine/cristal,officielle produit,publiable,2026-07-26
45,Perrier-Jouët,Belle Époque 2015,brut millésimé,Le millésime 2015 figure dans la documentation produit actuelle mais sa disponibilité française doit être contrôlée,https://www.perrier-jouet.com/fr-fr/fiche-produit-relative-aux-qualit%C3%A9s-ou-caract%C3%A9ristiques-environnementales-perrier-jou%C3%ABt,officielle gamme,publier après contrôle marchand,2026-07-26
46,Taittinger,Comtes de Champagne Blanc de Blancs 2013,blanc de blancs millésimé,100% Chardonnay provenant de cinq Grands Crus de la Côte des Blancs,https://taittinger.com/en/webzine/comtes-de-champagne-blanc-de-blancs-2013,officielle produit,publiable,2026-07-26
47,Bollinger,R.D. 2008,extra-brut millésimé,71% Pinot Noir / 29% Chardonnay; dosage annoncé à 3 g/L,https://www.champagne-bollinger.com/en/wine/bollinger-rd-2008,officielle produit,publiable,2026-07-26
48,Philipponnat,Clos des Goisses 2015,extra-brut millésimé,78% Pinot Noir / 22% Chardonnay; dosage annoncé à 4.25 g/L,https://www.philipponnat.com/wp-content/uploads/2025/03/ft-philipponnat-cdg-2015-en-1.pdf,officielle technique,publiable,2026-07-26
49,Salon,Salon 2015,blanc de blancs millésimé,Le millésime 2015 est présenté comme dernière sortie en 2026 tandis que le site officiel affiche encore principalement 2013,https://www.champagne-salon.fr/en,officielle maison + presse spécialisée,publier après contrôle marchand et source directe,2026-07-26
50,Dom Pérignon,Dom Pérignon Rosé 2009,rosé millésimé,Millésime et fiche actuels confirmés par la maison,https://www.domperignon.com/en-us/product/rose/2009,officielle produit,publiable,2026-07-26
